Species,Sepal.Length_mean,Sepal.Length_median,Sepal.Length_std,Sepal.Width_mean,Sepal.Width_median,Sepal.Width_std,Petal.Length_mean,Petal.Length_median,Petal.Length_std,Petal.Width_mean,Petal.Width_median,Petal.Width_std
setosa,5.006,5.0,0.3524896872134513,3.428,3.4,0.3790643690962886,1.462,1.5,0.1736639964801841,0.24600000000000002,0.2,0.10538558938004565
versicolor,5.936,5.9,0.5161711470638635,2.77,2.8,0.3137983233784114,4.26,4.35,0.46991097723995784,1.3259999999999998,1.3,0.19775268000454407
virginica,6.587999999999999,6.5,0.635879593274432,2.9739999999999998,3.0,0.3224966381726375,5.5520000000000005,5.55,0.5518946956639835,2.026,2.0,0.27465005563666745
